product_title,product_grouping,category,month,product_quantity,sales
Allereze Nasal Spray 2oz,11136,Allergy Aids,2021-12-01,1362,8826.27995
Allereze Nasal Spray 2oz,11136,Allergy Aids,2021-11-01,1747,10909.9900000001
Allereze Nasal Spray 2oz,11136,Allergy Aids,2021-10-01,1248,7385.92499999997
Allereze Nasal Spray 2oz,11136,Allergy Aids,2021-09-01,1592,10340.5700000001
Allereze Nasal Spray 2oz,11136,Allergy Aids,2021-08-01,863,5981.48999999996
Allereze Nasal Spray 2oz,11136,Allergy Aids,2021-07-01,1189,7922.94
Allereze Nasal Spray 2oz,11136,Allergy Aids,2021-06-01,778,5787.60499999996
Allereze Nasal Spray 2oz,11136,Allergy Aids,2021-05-01,14,85.455
Allereze Nasal Spray 2oz,11136,Allergy Aids,2021-04-01,1063,6891.67499999993
Allereze Nasal Spray 2oz,11136,Allergy Aids,2021-03-01,1055,7149.90499999992
Allereze Nasal Spray 2oz,11136,Allergy Aids,2021-02-01,685,4659.53999999996
Allereze Nasal Spray 2oz,11136,Allergy Aids,2021-01-01,451,2456.535
Allereze Nasal Spray 4oz,11136,Allergy Aids,2021-12-01,465,5043.37994999997
Allereze Nasal Spray 4oz,11136,Allergy Aids,2021-11-01,507,5601.35994999997
Allereze Nasal Spray 4oz,11136,Allergy Aids,2021-10-01,954,9300.55000000001
Allereze Nasal Spray 4oz,11136,Allergy Aids,2021-09-01,650,5811.22999999997
Allereze Nasal Spray 4oz,11136,Allergy Aids,2021-08-01,362,3963.72999999998
Allereze Nasal Spray 4oz,11136,Allergy Aids,2021-07-01,554,5198.96499999997
Allereze Nasal Spray 4oz,11136,Allergy Aids,2021-06-01,455,5242.28989999997
Allereze Nasal Spray 4oz,11136,Allergy Aids,2021-05-01,689,7813.77499999995
Allereze Nasal Spray 4oz,11136,Allergy Aids,2021-04-01,348,3657.04999999998
Allereze Nasal Spray 4oz,11136,Allergy Aids,2021-03-01,303,3419.88994999998
Allereze Nasal Spray 4oz,11136,Allergy Aids,2021-02-01,182,2075.10999999999
Allereze Nasal Spray 4oz,11136,Allergy Aids,2021-01-01,188,1575.45
Amino Acid Complete,11114,Immune and Digestive health,2021-12-01,481,124.675
Amino Acid Complete,11114,Immune and Digestive health,2021-11-01,723,141.885
Amino Acid Complete,11114,Immune and Digestive health,2021-10-01,1,0
Amino Acid Complete,11114,Immune and Digestive health,2021-09-01,559,88.255
Amino Acid Complete,11114,Immune and Digestive health,2021-08-01,573,144.765
Amino Acid Complete,11114,Immune and Digestive health,2021-07-01,1365,235.93
Amino Acid Complete,11114,Immune and Digestive health,2021-06-01,504,102.76
Amino Acid Complete,11114,Immune and Digestive health,2021-05-01,1,2.5
Amino Acid Complete,11114,Immune and Digestive health,2021-04-01,737,127.265
Amino Acid Complete,11114,Immune and Digestive health,2021-03-01,906,288.14
Amino Acid Complete,11114,Immune and Digestive health,2021-02-01,750,173.63
Amino Acid Complete,11114,Immune and Digestive health,2021-01-01,620,145.21
Amino Acid Complete,11114,Immune and Digestive health,2020-11-01,434,241.27
Amino Acid Complete,11114,Immune and Digestive health,2020-10-01,1191,344.775
Amino Acid Complete,11114,Immune and Digestive health,2020-09-01,801,323.315
Amino Acid Complete,11114,Immune and Digestive health,2020-08-01,664,237.52
Amino Acid Complete,11114,Immune and Digestive health,2020-06-01,148,57.25
Amino Acid Complete,11114,Immune and Digestive health,2020-05-01,735,182.755
Amino Acid Complete,11114,Immune and Digestive health,2020-04-01,575,159.255
Amino Acid Complete,11114,Immune and Digestive health,2020-03-01,441,141.25
Amino Acid Complete,11114,Immune and Digestive health,2020-01-01,210,40.005
Brain Boost,11116,Brain Health,2021-12-01,373,1421.125
Brain Boost,11116,Brain Health,2021-11-01,640,1120.78495
Brain Boost,11116,Brain Health,2021-10-01,816,745.985
Brain Boost,11116,Brain Health,2021-09-01,429,704.05
Brain Boost,11116,Brain Health,2021-08-01,148,253.53
Brain Boost,11116,Brain Health,2021-07-01,25,77.105
Bronchial Wellness Herbal Blend 30 capsules,11135,General Health,2021-12-01,2813,9973.97490000006
Bronchial Wellness Herbal Blend 30 capsules,11135,General Health,2021-11-01,3140,18976.1149
Bronchial Wellness Herbal Blend 30 capsules,11135,General Health,2021-10-01,1963,13713.7948000003
Bronchial Wellness Herbal Blend 30 capsules,11135,General Health,2021-09-01,2925,12954.2348500001
Bronchial Wellness Herbal Blend 30 capsules,11135,General Health,2021-08-01,1632,11488.3500000002
Bronchial Wellness Herbal Blend 30 capsules,11135,General Health,2021-07-01,2363,12895.1547000001
Bronchial Wellness Herbal Blend 30 capsules,11135,General Health,2021-06-01,2123,14297.9949500004
Bronchial Wellness Herbal Blend 30 capsules,11135,General Health,2021-05-01,3749,23702.6600000003
Bronchial Wellness Herbal Blend 30 capsules,11135,General Health,2021-04-01,3617,22714.1045499999
Bronchial Wellness Herbal Blend 30 capsules,11135,General Health,2021-03-01,5033,29449.2849000003
Bronchial Wellness Herbal Blend 30 capsules,11135,General Health,2021-02-01,2655,18305.4849000003
Bronchial Wellness Herbal Blend 30 capsules,11135,General Health,2021-01-01,4286,26036.6500000001
Bronchial Wellness Herbal Blend 30 capsules,11135,General Health,2020-12-01,6116,35174.9396
Bronchial Wellness Herbal Blend 30 capsules,11135,General Health,2020-11-01,3194,21817.5746000004
Bronchial Wellness Herbal Blend 30 capsules,11135,General Health,2020-10-01,3590,24503.1808499998
Bronchial Wellness Herbal Blend 30 capsules,11135,General Health,2020-09-01,2976,18306.08035
Bronchial Wellness Herbal Blend 30 capsules,11135,General Health,2020-08-01,3648,23093.5049999996
Bronchial Wellness Herbal Blend 30 capsules,11135,General Health,2020-07-01,3274,20591.2394
Bronchial Wellness Herbal Blend 30 capsules,11135,General Health,2020-06-01,2816,19752.91485
Bronchial Wellness Herbal Blend 30 capsules,11135,General Health,2020-05-01,2738,20608.9643999998
Bronchial Wellness Herbal Blend 30 capsules,11135,General Health,2020-04-01,2780,20743.06015
Bronchial Wellness Herbal Blend 30 capsules,11135,General Health,2020-03-01,2339,17715.8698000003
Bronchial Wellness Herbal Blend 30 capsules,11135,General Health,2020-02-01,2112,15860.4199
Bronchial Wellness Herbal Blend 30 capsules,11135,General Health,2020-01-01,425,2641.62525000001
Bronchial Wellness Herbal Blend 60 capsules,11135,General Health,2021-12-01,1610,26033.7299499998
Bronchial Wellness Herbal Blend 60 capsules,11135,General Health,2021-11-01,1477,25614.7999
Bronchial Wellness Herbal Blend 60 capsules,11135,General Health,2021-10-01,1484,24405.7898999999
Bronchial Wellness Herbal Blend 60 capsules,11135,General Health,2021-09-01,1993,26542.3397000001
Bronchial Wellness Herbal Blend 60 capsules,11135,General Health,2021-08-01,1183,21431.05
Bronchial Wellness Herbal Blend 60 capsules,11135,General Health,2021-07-01,1589,27919.7791
Bronchial Wellness Herbal Blend 60 capsules,11135,General Health,2021-06-01,1361,24467.7249499999
Bronchial Wellness Herbal Blend 60 capsules,11135,General Health,2021-05-01,1799,29445.2599
Bronchial Wellness Herbal Blend 60 capsules,11135,General Health,2021-04-01,1528,26977.8895499998
Bronchial Wellness Herbal Blend 60 capsules,11135,General Health,2021-03-01,1483,27131.9648000001
Bronchial Wellness Herbal Blend 60 capsules,11135,General Health,2021-02-01,1356,24169.1898999999
Bronchial Wellness Herbal Blend 60 capsules,11135,General Health,2021-01-01,1382,24205.2799000002
Bronchial Wellness Herbal Blend 60 capsules,11135,General Health,2020-12-01,2505,35692.4950000001
Bronchial Wellness Herbal Blend 60 capsules,11135,General Health,2020-11-01,1313,24404.1250000001
Bronchial Wellness Herbal Blend 60 capsules,11135,General Health,2020-10-01,2193,35584.2987499999
Bronchial Wellness Herbal Blend 60 capsules,11135,General Health,2020-09-01,1586,26525.6297
Bronchial Wellness Herbal Blend 60 capsules,11135,General Health,2020-08-01,1215,22109.79
Bronchial Wellness Herbal Blend 60 capsules,11135,General Health,2020-07-01,1929,30318.2148
Bronchial Wellness Herbal Blend 60 capsules,11135,General Health,2020-06-01,1467,26230.0902999998
Bronchial Wellness Herbal Blend 60 capsules,11135,General Health,2020-05-01,1345,25209.0299
Bronchial Wellness Herbal Blend 60 capsules,11135,General Health,2020-04-01,1147,20625.7899
Bronchial Wellness Herbal Blend 60 capsules,11135,General Health,2020-03-01,986,18920.8649500002
Bronchial Wellness Herbal Blend 60 capsules,11135,General Health,2020-02-01,881,16105.70505
Bronchial Wellness Herbal Blend 60 capsules,11135,General Health,2020-01-01,435,6534.17545000001
Bronchial Wellness Herbal Blend Retail,11135,General Health,2021-12-01,8316,45738
Bronchial Wellness Herbal Blend Retail,11135,General Health,2021-11-01,10722,58971
Bronchial Wellness Herbal Blend Retail,11135,General Health,2021-10-01,2676,14718
Bronchial Wellness Herbal Blend Retail,11135,General Health,2021-09-01,15858,87186
Bronchial Wellness Herbal Blend Retail,11135,General Health,2021-08-01,6822,37521
Bronchial Wellness Herbal Blend Retail,11135,General Health,2021-07-01,8310,41550
Bronchial Wellness Herbal Blend Retail,11135,General Health,2021-06-01,6257,31260
Bronchial Wellness Herbal Blend Retail,11135,General Health,2021-05-01,7752,38760
Bronchial Wellness Herbal Blend Retail,11135,General Health,2021-04-01,1644,8220
Bronchial Wellness Herbal Blend Retail,11135,General Health,2021-03-01,8322,45615
Choline,11134,Brain Health,2021-12-01,114,681.58
Choline,11134,Brain Health,2021-11-01,163,977.37
Choline,11134,Brain Health,2021-10-01,184,1072.34
Choline,11134,Brain Health,2021-09-01,159,920.420000000001
Choline,11134,Brain Health,2021-08-01,105,631.83
Choline,11134,Brain Health,2021-07-01,156,884.734950000002
Choline,11134,Brain Health,2021-06-01,151,903.795
Choline,11134,Brain Health,2021-05-01,116,701.525
Co Q10 180 capsules,11132,Antioxidant,2021-12-01,194,135.68995
Co Q10 180 capsules,11132,Antioxidant,2021-11-01,3383,15.45
Co Q10 180 capsules,11132,Antioxidant,2021-10-01,800,0
Co Q10 180 capsules,11132,Antioxidant,2021-09-01,1331,20
Co Q10 30 capsules,11132,Antioxidant,2021-12-01,831,4987.68999999998
Co Q10 30 capsules,11132,Antioxidant,2021-11-01,1236,7129.55994999998
Co Q10 30 capsules,11132,Antioxidant,2021-10-01,927,5471.76499999998
Co Q10 30 capsules,11132,Antioxidant,2021-09-01,984,5752.22494999998
Co Q10 30 capsules,11132,Antioxidant,2021-08-01,587,4019.95999999998
Co Q10 30 capsules,11132,Antioxidant,2021-07-01,810,4816.18999999999
Co Q10 30 capsules,11132,Antioxidant,2021-06-01,707,4714.63489999997
Co Q10 30 capsules,11132,Antioxidant,2021-05-01,969,5634.61999999996
Co Q10 30 capsules,11132,Antioxidant,2021-04-01,820,4991.20494999996
Co Q10 30 capsules,11132,Antioxidant,2021-03-01,665,4155.72999999997
Co Q10 30 capsules,11132,Antioxidant,2021-02-01,13,0
Co Q10 30 capsules,11132,Antioxidant,2021-01-01,9,0
Co Q10 60 capsules,11132,Antioxidant,2021-12-01,163,1794.31
Co Q10 60 capsules,11132,Antioxidant,2021-11-01,222,2362.00999999999
Co Q10 60 capsules,11132,Antioxidant,2021-10-01,356,3147.86499999999
Co Q10 60 capsules,11132,Antioxidant,2021-09-01,412,3092.71499999999
Co Q10 60 capsules,11132,Antioxidant,2021-08-01,185,2073.01999999999
Co Q10 60 capsules,11132,Antioxidant,2021-07-01,364,2822.24489999999
Co Q10 60 capsules,11132,Antioxidant,2021-06-01,149,1611.97
Co Q10 60 capsules,11132,Antioxidant,2021-05-01,173,1740.10995
Co Q10 60 capsules,11132,Antioxidant,2021-04-01,315,2948.15994999999
Co Q10 60 capsules,11132,Antioxidant,2021-03-01,205,2132.50499999999
DHEA,11145,Immune and Digestive health,2021-12-01,580,2844.30469999999
DHEA,11145,Immune and Digestive health,2021-11-01,558,2759.06989999999
DHEA,11145,Immune and Digestive health,2021-10-01,551,2701.50494999999
DHEA,11145,Immune and Digestive health,2021-09-01,362,1794.22494999999
DHEA,11145,Immune and Digestive health,2021-08-01,230,1189.655
DHEA,11145,Immune and Digestive health,2021-07-01,341,1647.8749
DHEA,11145,Immune and Digestive health,2021-06-01,213,1047.455
DHEA,11145,Immune and Digestive health,2021-05-01,151,744.295
DHEA,11145,Immune and Digestive health,2021-04-01,125,573.069999999999
Digestive Support 60 capsules,11123,General Health,2020-12-01,473,5863.895
Digestive Support 60 capsules,11123,General Health,2020-11-01,75,825
Digestive Support 60 capsules,11123,General Health,2020-10-01,190,2175
Digestive Support 60 capsules,11123,General Health,2020-09-01,52,600
Digestive Support 60 capsules,11123,General Health,2020-08-01,626,7959.555
Digestive Support 60 capsules,11123,General Health,2020-07-01,662,8046.99
Digestive Support Bundle,11123,General Health,2021-12-01,935,12092
Digestive Support Bundle,11123,General Health,2021-11-01,1611,20867
Digestive Support Bundle,11123,General Health,2021-10-01,789,10157
Digestive Support Bundle,11123,General Health,2021-09-01,1572,19341
Digestive Support Bundle,11123,General Health,2021-08-01,755,9747
Digestive Support Bundle,11123,General Health,2021-07-01,1357,16950
Digestive Support Bundle,11123,General Health,2021-06-01,1672,20718.995
Digestive Support Bundle,11123,General Health,2021-05-01,998,12487.995
Digestive Support Bundle,11123,General Health,2021-04-01,1987,24866
Digestive Support Bundle,11123,General Health,2021-03-01,2268,28119.605
Digestive Support Bundle,11123,General Health,2021-02-01,703,8870.26
Digestive Support Bundle,11123,General Health,2021-01-01,1015,12620.22
Digestive Support Bundle,11123,General Health,2020-12-01,411,5097.96
Digestive Support Bundle,11123,General Health,2020-06-01,42,525
Digestive Support Bundle,11123,General Health,2020-02-01,5,61.875
Digestive Support Bundle,11123,General Health,2020-01-01,8,99
Elderberry Gels 180 qty,11138,Immune and Digestive health,2021-12-01,1,34.995
Elderberry Gels 180 qty,11138,Immune and Digestive health,2021-11-01,2,34.995
Elderberry Gels 180 qty,11138,Immune and Digestive health,2021-10-01,1524,47887.9350000003
Elderberry Gels 30 qty,11137,Immune and Digestive health,2021-12-01,2092,50905.5550000007
Elderberry Gels 30 qty,11137,Immune and Digestive health,2021-11-01,4945,130994.489999996
Elderberry Gels 30 qty,11137,Immune and Digestive health,2021-10-01,4231,114903.979999998
Elderberry Gels 30 qty,11137,Immune and Digestive health,2021-09-01,2,0
Elderberry Gels 30 qty,11137,Immune and Digestive health,2021-08-01,1,25.5
Elderberry Gels 30 qty,11137,Immune and Digestive health,2021-07-01,3,55.495
Elderberry Gels 30 qty,11137,Immune and Digestive health,2021-06-01,1979,54094.5998500008
Elderberry Gels 30 qty,11137,Immune and Digestive health,2021-05-01,3599,96452.1948499992
Elderberry Gels 30 qty,11137,Immune and Digestive health,2021-04-01,2452,61318.8960000006
Elderberry Gels 60 qty,11137,Immune and Digestive health,2021-11-01,417,13518.8000000001
Elderberry Gels 60 qty,11137,Immune and Digestive health,2021-10-01,862,27203.8199999999
Evening Primrose Oil 2oz,11111,Immune and Digestive health,2021-12-01,3,12.99
Evening Primrose Oil 2oz,11111,Immune and Digestive health,2021-11-01,181,999.355
Evening Primrose Oil 2oz,11111,Immune and Digestive health,2021-10-01,504,2855.26074999998
Evening Primrose Oil 2oz,11111,Immune and Digestive health,2021-09-01,2,0
Evening Primrose Oil 4oz,11111,Immune and Digestive health,2021-12-01,8,45.465
Evening Primrose Oil 4oz,11111,Immune and Digestive health,2021-11-01,9,0
Evening Primrose Oil 4oz,11111,Immune and Digestive health,2021-10-01,340,1827.48649999999
Evening Primrose Oil 4oz,11111,Immune and Digestive health,2021-09-01,2,0
Fish Oil,11147,Joint Health,2021-12-01,441,3326.49999999998
Fish Oil,11147,Joint Health,2021-11-01,220,1758.54499999999
Fish Oil,11147,Joint Health,2021-10-01,483,3749.82009999998
Fish Oil,11147,Joint Health,2021-09-01,436,3203.90489999998
Fish Oil,11147,Joint Health,2021-08-01,452,3449.16499999998
Fish Oil,11147,Joint Health,2021-07-01,927,7012.29484999995
Fish Oil,11147,Joint Health,2021-04-01,1,9.995
Fish Oil,11147,Joint Health,2021-03-01,343,2621.85994999999
Fish Oil,11147,Joint Health,2021-02-01,409,3048.01499999999
Fish Oil,11147,Joint Health,2021-01-01,479,3866.09474999997
Fish Oil,11147,Joint Health,2020-12-01,359,3072.82999999999
Fish Oil,11147,Joint Health,2020-11-01,458,3611.78489999998
Fish Oil,11147,Joint Health,2020-10-01,583,4240.19954999998
Fish Oil,11147,Joint Health,2020-09-01,545,5500.62499999998
Fish Oil,11147,Joint Health,2020-08-01,449,3496.89489999998
Fish Oil,11147,Joint Health,2020-07-01,430,2875.59484999999
Fish Oil,11147,Joint Health,2020-06-01,528,3981.47244999998
Fish Oil,11147,Joint Health,2020-05-01,472,3879.76499999998
Fish Oil,11147,Joint Health,2020-04-01,552,4088.08494999998
Fish Oil,11147,Joint Health,2020-03-01,478,3839.85494999998
Fish Oil,11147,Joint Health,2020-02-01,324,2553.775
Fish Oil,11147,Joint Health,2020-01-01,117,702
Fruits and Greens 180 capsules,11128,General Health,2021-12-01,1097,4661.01999999996
Fruits and Greens 180 capsules,11128,General Health,2021-11-01,395,3661.67499999998
Fruits and Greens 180 capsules,11128,General Health,2021-10-01,306,3198.21
Fruits and Greens 180 capsules,11128,General Health,2021-09-01,414,3670.69974999998
Fruits and Greens 180 capsules,11128,General Health,2021-08-01,367,3441.28499999998
Fruits and Greens 180 capsules,11128,General Health,2021-07-01,409,3795.14499999997
Fruits and Greens 180 capsules,11128,General Health,2021-06-01,440,4283.84499999997
Fruits and Greens 180 capsules,11128,General Health,2021-05-01,434,4247.52499999998
Fruits and Greens 180 capsules,11128,General Health,2021-04-01,808,6442.05499999997
Fruits and Greens 180 capsules,11128,General Health,2021-03-01,603,5176.56494999998
Fruits and Greens 180 capsules,11128,General Health,2021-02-01,420,3798.17014999998
Fruits and Greens 180 capsules,11128,General Health,2021-01-01,501,4720.49499999997
Fruits and Greens 180 capsules,11128,General Health,2020-12-01,524,4972.07999999997
Fruits and Greens 180 capsules,11128,General Health,2020-11-01,790,5791.78499999998
Fruits and Greens 180 capsules,11128,General Health,2020-10-01,483,4348.54999999997
Fruits and Greens 180 capsules,11128,General Health,2020-09-01,434,3649.70999999998
Fruits and Greens 180 capsules,11128,General Health,2020-08-01,366,3458.17499999998
Fruits and Greens 180 capsules,11128,General Health,2020-07-01,485,4111.92489999997
Fruits and Greens 180 capsules,11128,General Health,2020-06-01,496,4838.20999999997
Fruits and Greens 180 capsules,11128,General Health,2020-05-01,444,4569.85994999997
Fruits and Greens 180 capsules,11128,General Health,2020-04-01,284,2790.61999999998
Fruits and Greens 180 capsules,11128,General Health,2020-03-01,200,1735.02
Fruits and Greens 180 capsules,11128,General Health,2020-02-01,167,1297.5899
Fruits and Greens 180 capsules,11128,General Health,2020-01-01,45,299.67
Fruits and Greens 30 capsules,11127,General Health,2021-12-01,14280,121093.379699981
Fruits and Greens 30 capsules,11127,General Health,2021-11-01,13488,116477.949849989
Fruits and Greens 30 capsules,11127,General Health,2021-10-01,8174,74078.0498500044
Fruits and Greens 30 capsules,11127,General Health,2021-09-01,6643,49523.9097000031
Fruits and Greens 30 capsules,11127,General Health,2021-08-01,5985,53392.0849500013
Fruits and Greens 30 capsules,11127,General Health,2021-07-01,6391,51874.0343500032
Fruits and Greens 30 capsules,11127,General Health,2021-06-01,7986,58609.964900003
Fruits and Greens 30 capsules,11127,General Health,2021-05-01,8456,69649.4598500039
Fruits and Greens 30 capsules,11127,General Health,2021-04-01,9222,67935.4540500043
Fruits and Greens 30 capsules,11127,General Health,2021-03-01,9765,72155.5896500011
Fruits and Greens 30 capsules,11127,General Health,2021-02-01,7380,61236.2597000027
Fruits and Greens 30 capsules,11127,General Health,2021-01-01,6330,46603.6699000009
Fruits and Greens 30 capsules,11127,General Health,2020-12-01,11386,68641.9346500004
Fruits and Greens 30 capsules,11127,General Health,2020-11-01,4266,33179.2102999996
Fruits and Greens 30 capsules,11127,General Health,2020-10-01,4805,36404.1647500002
Fruits and Greens 30 capsules,11127,General Health,2020-09-01,5189,38521.3696500012
Fruits and Greens 30 capsules,11127,General Health,2020-08-01,7911,49284.9031000016
Fruits and Greens 30 capsules,11127,General Health,2020-07-01,4719,32080.9738499991
Fruits and Greens 30 capsules,11127,General Health,2020-06-01,2818,20275.2796999999
Fruits and Greens 30 capsules,11127,General Health,2020-05-01,3133,24464.8294500002
Fruits and Greens 30 capsules,11127,General Health,2020-04-01,3125,24033.7547999998
Fruits and Greens 30 capsules,11127,General Health,2020-03-01,3143,25102.2845999996
Fruits and Greens 30 capsules,11127,General Health,2020-02-01,2430,18710.0300000001
Fruits and Greens 30 capsules,11127,General Health,2020-01-01,460,2789.42570000001
Fruits and Greens 60 capsules,11127,General Health,2021-12-01,2192,34236.1098499997
Fruits and Greens 60 capsules,11127,General Health,2021-11-01,2698,42034.9748000009
Fruits and Greens 60 capsules,11127,General Health,2021-10-01,3027,45622.9847000013
Fruits and Greens 60 capsules,11127,General Health,2021-09-01,3301,43975.1896500007
Fruits and Greens 60 capsules,11127,General Health,2021-08-01,1868,33232.7498499995
Fruits and Greens 60 capsules,11127,General Health,2021-07-01,2962,45317.513800001
Fruits and Greens 60 capsules,11127,General Health,2021-06-01,2709,43255.8849000007
Fruits and Greens 60 capsules,11127,General Health,2021-05-01,2488,41225.0147
Fruits and Greens 60 capsules,11127,General Health,2021-04-01,3700,56536.4893500019
Fruits and Greens 60 capsules,11127,General Health,2021-03-01,5451,74955.3847499992
Fruits and Greens 60 capsules,11127,General Health,2021-02-01,1572,28411.7846999997
Fruits and Greens 60 capsules,11127,General Health,2021-01-01,3243,47178.6999000006
Fruits and Greens 60 capsules,11127,General Health,2020-12-01,2218,35757.8849999999
Fruits and Greens 60 capsules,11127,General Health,2020-11-01,1547,28118.835
Fruits and Greens 60 capsules,11127,General Health,2020-10-01,2288,37408.7441500001
Fruits and Greens 60 capsules,11127,General Health,2020-09-01,2056,33838.0497999999
Fruits and Greens 60 capsules,11127,General Health,2020-08-01,1643,28744.2923499998
Fruits and Greens 60 capsules,11127,General Health,2020-07-01,2710,42484.4692500002
Fruits and Greens 60 capsules,11127,General Health,2020-06-01,1749,31791.3295999997
Fruits and Greens 60 capsules,11127,General Health,2020-05-01,1704,32275.8948499999
Fruits and Greens 60 capsules,11127,General Health,2020-04-01,1433,26523.30985
Fruits and Greens 60 capsules,11127,General Health,2020-03-01,1405,27016.655
Fruits and Greens 60 capsules,11127,General Health,2020-02-01,1044,19792.2800000001
Fruits and Greens 60 capsules,11127,General Health,2020-01-01,468,7095.2656
Fruits and Greens Ecommerce,11127,General Health,2021-12-01,54,539.73
Fruits and Greens Ecommerce,11127,General Health,2021-11-01,154,1539.23
Fruits and Greens Ecommerce,11127,General Health,2021-10-01,1660,16591.7000000003
Fruits and Greens Ecommerce,11127,General Health,2021-09-01,2312,23108.4399999999
Fruits and Greens Ecommerce,11127,General Health,2021-08-01,15,149.175
Fruits and Greens Retail,11127,General Health,2021-12-01,5586,30723
Fruits and Greens Retail,11127,General Health,2021-11-01,9870,54285
Fruits and Greens Retail,11127,General Health,2021-10-01,4188,23034
Fruits and Greens Retail,11127,General Health,2021-09-01,12990,71412
Fruits and Greens Retail,11127,General Health,2021-08-01,7542,41481
Fruits and Greens Retail,11127,General Health,2021-07-01,7230,36150
Fruits and Greens Retail,11127,General Health,2021-06-01,6173,30840
Fruits and Greens Retail,11127,General Health,2021-05-01,6096,30480
Fruits and Greens Retail,11127,General Health,2021-04-01,7080,35400
Fruits and Greens Retail,11127,General Health,2021-03-01,6378,31890
Fruits and Greens Retail,11127,General Health,2021-02-01,5166,25830
Fruits and Greens Retail,11127,General Health,2021-01-01,4104,20520
Glucos Ecommerce,11124,Joint Health,2021-12-01,192,0
Glucos Ecommerce,11124,Joint Health,2021-11-01,144,937.44
Glucosamine Chondroitin 180 capsules,11124,Joint Health,2021-12-01,577,7508.63999999997
Glucosamine Chondroitin 180 capsules,11124,Joint Health,2021-11-01,526,9355.27000000001
Glucosamine Chondroitin 180 capsules,11124,Joint Health,2021-10-01,585,10274.6701
Glucosamine Chondroitin 180 capsules,11124,Joint Health,2021-09-01,637,10022.21995
Glucosamine Chondroitin 180 capsules,11124,Joint Health,2021-08-01,397,6969.08994999997
Glucosamine Chondroitin 180 capsules,11124,Joint Health,2021-07-01,542,9414.43985000001
Glucosamine Chondroitin 180 capsules,11124,Joint Health,2021-06-01,495,8861.60999999998
Glucosamine Chondroitin 180 capsules,11124,Joint Health,2021-05-01,581,10225.7749
Glucosamine Chondroitin 180 capsules,11124,Joint Health,2021-04-01,674,11507.47495
Glucosamine Chondroitin 180 capsules,11124,Joint Health,2021-03-01,786,12107.3099500001
Glucosamine Chondroitin 180 capsules,11124,Joint Health,2021-02-01,503,8690.27494999997
Glucosamine Chondroitin 180 capsules,11124,Joint Health,2021-01-01,482,8782.84499999999
Glucosamine Chondroitin 180 capsules,11124,Joint Health,2020-12-01,743,11629.34995
Glucosamine Chondroitin 180 capsules,11124,Joint Health,2020-11-01,470,8559.05499999998
Glucosamine Chondroitin 180 capsules,11124,Joint Health,2020-10-01,880,14558.0999000001
Glucosamine Chondroitin 180 capsules,11124,Joint Health,2020-09-01,791,38834.7950000002
Glucosamine Chondroitin 180 capsules,11124,Joint Health,2020-08-01,466,8649.92989999998
Glucosamine Chondroitin 180 capsules,11124,Joint Health,2020-07-01,641,10565.4649
Glucosamine Chondroitin 180 capsules,11124,Joint Health,2020-06-01,490,8972.20984999999
Glucosamine Chondroitin 180 capsules,11124,Joint Health,2020-05-01,422,7697.24494999997
Glucosamine Chondroitin 180 capsules,11124,Joint Health,2020-04-01,320,5684.77994999998
Glucosamine Chondroitin 180 capsules,11124,Joint Health,2020-03-01,288,5188.39989999998
Glucosamine Chondroitin 180 capsules,11124,Joint Health,2020-02-01,234,4239.74994999999
Glucosamine Chondroitin 180 capsules,11124,Joint Health,2020-01-01,123,1837.78495
Glucosamine Chondroitin 60 capsules,11124,Joint Health,2021-12-01,1120,10267.0349500001
Glucosamine Chondroitin 60 capsules,11124,Joint Health,2021-11-01,1173,12026.4049500002
Glucosamine Chondroitin 60 capsules,11124,Joint Health,2021-10-01,1470,13236.9000000002
Glucosamine Chondroitin 60 capsules,11124,Joint Health,2021-09-01,1154,11068.66995
Glucosamine Chondroitin 60 capsules,11124,Joint Health,2021-08-01,1014,10379.6200000001
Glucosamine Chondroitin 60 capsules,11124,Joint Health,2021-07-01,1225,12017.5349000001
Glucosamine Chondroitin 60 capsules,11124,Joint Health,2021-06-01,1282,13003.7600000002
Glucosamine Chondroitin 60 capsules,11124,Joint Health,2021-05-01,1303,13993.7750000001
Glucosamine Chondroitin 60 capsules,11124,Joint Health,2021-04-01,1683,17425.0699500003
Glucosamine Chondroitin 60 capsules,11124,Joint Health,2021-03-01,1948,18057.3699000001
Glucosamine Chondroitin 60 capsules,11124,Joint Health,2021-02-01,1215,12163.7500000002
Glucosamine Chondroitin 60 capsules,11124,Joint Health,2021-01-01,1378,13241.115
Glucosamine Chondroitin 60 capsules,11124,Joint Health,2020-12-01,1521,13352.3349500002
Glucosamine Chondroitin 60 capsules,11124,Joint Health,2020-11-01,800,8989.74499999997
Glucosamine Chondroitin 60 capsules,11124,Joint Health,2020-10-01,1358,14334.7544500003
Glucosamine Chondroitin 60 capsules,11124,Joint Health,2020-09-01,1119,18328.2625000001
Glucosamine Chondroitin 60 capsules,11124,Joint Health,2020-08-01,1219,12557.4189500002
Glucosamine Chondroitin 60 capsules,11124,Joint Health,2020-07-01,1331,12986.0492000001
Glucosamine Chondroitin 60 capsules,11124,Joint Health,2020-06-01,918,10323.6229500001
Glucosamine Chondroitin 60 capsules,11124,Joint Health,2020-05-01,814,9365.14995000001
Glucosamine Chondroitin 60 capsules,11124,Joint Health,2020-04-01,841,9476.8649
Glucosamine Chondroitin 60 capsules,11124,Joint Health,2020-03-01,869,9151.42994999999
Glucosamine Chondroitin 60 capsules,11124,Joint Health,2020-02-01,470,5203.38999999998
Glucosamine Chondroitin 60 capsules,11124,Joint Health,2020-01-01,161,1526.54495
Glucosamine MSM,11124,Joint Health,2021-10-01,5,60
Glucosamine MSM,11124,Joint Health,2021-09-01,6,90
Glucosamine MSM,11124,Joint Health,2021-08-01,3,29.685
Glucosamine MSM,11124,Joint Health,2021-07-01,8,79.165
Glucosamine MSM,11124,Joint Health,2021-04-01,4,39.585
Glucosamine MSM,11124,Joint Health,2021-02-01,14,153.93
Glucosamine MSM,11124,Joint Health,2020-12-01,3,29.685
Glucosamine MSM,11124,Joint Health,2020-11-01,3,19.79
Glucosamine MSM,11124,Joint Health,2020-10-01,1,9.895
Glucosamine MSM,11124,Joint Health,2020-09-01,12,118.745
Glucosamine MSM,11124,Joint Health,2020-08-01,15,148.435
Glucosamine MSM,11124,Joint Health,2020-07-01,11,39.59
Glucosamine MSM,11124,Joint Health,2020-06-01,38,372.95475
Glucosamine MSM,11124,Joint Health,2020-05-01,258,2523.3849
Glucosamine MSM,11124,Joint Health,2020-04-01,682,6894.8298
Glucosamine MSM,11124,Joint Health,2020-03-01,769,7738.03469999997
Glucosamine MSM,11124,Joint Health,2020-02-01,614,6228.96984999999
Glucosamine MSM,11124,Joint Health,2020-01-01,233,1936.58484999999
Hair/Skin/Nails Ultra 180 capsules,11120,Immune and Digestive health,2021-12-01,381,152.94995
Hair/Skin/Nails Ultra 180 capsules,11120,Immune and Digestive health,2021-11-01,1482,292.06
Hair/Skin/Nails Ultra 180 capsules,11120,Immune and Digestive health,2021-10-01,2558,555.285000000001
Hair/Skin/Nails Ultra 180 capsules,11120,Immune and Digestive health,2021-09-01,547,66.365
Hair/Skin/Nails Ultra 30 capsules,11120,Immune and Digestive health,2021-12-01,1075,2263.23989999997
Hair/Skin/Nails Ultra 30 capsules,11120,Immune and Digestive health,2021-11-01,1161,2395.06954999995
Hair/Skin/Nails Ultra 30 capsules,11120,Immune and Digestive health,2021-10-01,1499,2715.03479999995
Hair/Skin/Nails Ultra 30 capsules,11120,Immune and Digestive health,2021-09-01,1728,3948.24904999991
Hair/Skin/Nails Ultra 30 capsules,11120,Immune and Digestive health,2021-08-01,1080,2452.01979999997
Hair/Skin/Nails Ultra 30 capsules,11120,Immune and Digestive health,2021-07-01,1245,2750.73444999996
Hair/Skin/Nails Ultra 30 capsules,11120,Immune and Digestive health,2021-06-01,1156,2666.25054999995
Hair/Skin/Nails Ultra 30 capsules,11120,Immune and Digestive health,2021-05-01,1522,3162.25974999995
Hair/Skin/Nails Ultra 30 capsules,11120,Immune and Digestive health,2021-04-01,1319,2974.12489999993
Hair/Skin/Nails Ultra 30 capsules,11120,Immune and Digestive health,2021-03-01,1172,2489.56469999995
Hair/Skin/Nails Ultra 30 capsules,11120,Immune and Digestive health,2021-02-01,770,1796.71489999998
Hair/Skin/Nails Ultra 30 capsules,11120,Immune and Digestive health,2021-01-01,1299,1644.09954999999
Hair/Skin/Nails Ultra 60 capsules,11120,Immune and Digestive health,2021-12-01,2025,8823.44949999999
Hair/Skin/Nails Ultra 60 capsules,11120,Immune and Digestive health,2021-11-01,1704,8595.41459999995
Hair/Skin/Nails Ultra 60 capsules,11120,Immune and Digestive health,2021-10-01,2881,11248.82515
Hair/Skin/Nails Ultra 60 capsules,11120,Immune and Digestive health,2021-09-01,3124,14192.1537500002
Hair/Skin/Nails Ultra 60 capsules,11120,Immune and Digestive health,2021-08-01,1856,9427.3255
Hair/Skin/Nails Ultra 60 capsules,11120,Immune and Digestive health,2021-07-01,2784,13578.9589000002
Hair/Skin/Nails Ultra 60 capsules,11120,Immune and Digestive health,2021-06-01,2140,10854.1169500001
Hair/Skin/Nails Ultra 60 capsules,11120,Immune and Digestive health,2021-05-01,2124,10034.81485
Hair/Skin/Nails Ultra 60 capsules,11120,Immune and Digestive health,2021-04-01,1728,8468.44464999998
Hair/Skin/Nails Ultra 60 capsules,11120,Immune and Digestive health,2021-03-01,1405,6659.06984999995
Hair/Skin/Nails Ultra 60 capsules,11120,Immune and Digestive health,2021-02-01,1015,5165.19994999995
Hair/Skin/Nails Ultra 60 capsules,11120,Immune and Digestive health,2021-01-01,1041,4374.00000000001
Immune Support,11146,Immune and Digestive health,2021-12-01,160,681.635000000001
Immune Support,11146,Immune and Digestive health,2021-11-01,181,894.395000000001
Immune Support,11146,Immune and Digestive health,2021-10-01,183,888.375000000001
Immune Support,11146,Immune and Digestive health,2021-09-01,133,706.715000000001
Immune Support,11146,Immune and Digestive health,2021-08-01,91,504.02
Immune Support,11146,Immune and Digestive health,2021-07-01,111,593.505
Immune Support,11146,Immune and Digestive health,2021-06-01,67,316.25
Immune Support,11146,Immune and Digestive health,2021-05-01,47,225.41
Immune Support,11146,Immune and Digestive health,2021-04-01,28,105.495
Liquid Magnesium,11148,Immune and Digestive health,2021-11-01,224,68.51
Liquid Magnesium,11148,Immune and Digestive health,2021-10-01,556,97.015
Liquid Magnesium,11148,Immune and Digestive health,2021-09-01,234,25.995
Liquid Magnesium,11148,Immune and Digestive health,2021-08-01,106,19.5
Liquid Magnesium,11148,Immune and Digestive health,2021-07-01,351,68.01
Magnesium 100mg,11115,Immune and Digestive health,2021-12-01,26,369.165
Magnesium 100mg,11115,Immune and Digestive health,2021-11-01,1,0
Magnesium 100mg,11115,Immune and Digestive health,2021-09-01,3,0
Magnessium 200mg,11115,Immune and Digestive health,2021-12-01,25,383.45
Magnessium 200mg,11115,Immune and Digestive health,2021-11-01,1,0
Magnessium 200mg,11115,Immune and Digestive health,2021-09-01,3,0
New you bundle,11131,General Health,2021-12-01,178,8259.53499999999
New you bundle,11131,General Health,2021-11-01,251,11572.565
New you bundle,11131,General Health,2021-10-01,212,9337.06
New you bundle,11131,General Health,2021-09-01,355,15976.73
New you bundle,11131,General Health,2021-08-01,193,8889.48
New you bundle,11131,General Health,2021-07-01,300,12974.51495
Phosphatidylserine,11140,Immune and Digestive health,2021-12-01,1649,5754.55014999991
Phosphatidylserine,11140,Immune and Digestive health,2021-11-01,841,3201.75989999996
Phosphatidylserine,11140,Immune and Digestive health,2021-10-01,5,0
Phosphatidylserine,11140,Immune and Digestive health,2021-09-01,1672,6230.9849999999
Phosphatidylserine,11140,Immune and Digestive health,2021-08-01,732,1933.96999999998
Phosphatidylserine,11140,Immune and Digestive health,2021-07-01,1033,1884.42479999998
Phosphatidylserine,11140,Immune and Digestive health,2021-06-01,1341,1978.94574999998
Phosphatidylserine,11140,Immune and Digestive health,2021-05-01,1224,1723.45499999999
Prenatal DHA 180 capsules,11119,General Health,2021-12-01,1379,16351.1050000001
Prenatal DHA 180 capsules,11119,General Health,2021-11-01,991,15687.8450000002
Prenatal DHA 180 capsules,11119,General Health,2021-10-01,1296,15745.8799000001
Prenatal DHA 180 capsules,11119,General Health,2021-09-01,1594,15293.1297500002
Prenatal DHA 180 capsules,11119,General Health,2021-08-01,741,11885.57
Prenatal DHA 180 capsules,11119,General Health,2021-07-01,1241,13684.9146500001
Prenatal DHA 180 capsules,11119,General Health,2021-06-01,773,12653.9349
Prenatal DHA 180 capsules,11119,General Health,2021-05-01,1041,15558.6499000002
Prenatal DHA 180 capsules,11119,General Health,2021-04-01,978,14874.8949000001
Prenatal DHA 180 capsules,11119,General Health,2021-03-01,1339,18363.27495
Prenatal DHA 180 capsules,11119,General Health,2021-02-01,839,13727.4300000001
Prenatal DHA 180 capsules,11119,General Health,2021-01-01,894,14165.0350500002
Prenatal DHA 180 capsules,11119,General Health,2020-12-01,1566,20627.8549000001
Prenatal DHA 180 capsules,11119,General Health,2020-11-01,750,11456.4300000001
Prenatal DHA 180 capsules,11119,General Health,2020-10-01,1663,25406.2895500001
Prenatal DHA 180 capsules,11119,General Health,2020-09-01,1031,14693.3124500001
Prenatal DHA 180 capsules,11119,General Health,2020-08-01,721,11438.3351
Prenatal DHA 180 capsules,11119,General Health,2020-07-01,1217,15527.6044500001
Prenatal DHA 180 capsules,11119,General Health,2020-06-01,699,10737.9624
Prenatal DHA 180 capsules,11119,General Health,2020-05-01,557,8666.16494999999
Prenatal DHA 180 capsules,11119,General Health,2020-04-01,416,5718.09999999998
Prenatal DHA 180 capsules,11119,General Health,2020-03-01,353,5598.88999999999
Prenatal DHA 180 capsules,11119,General Health,2020-02-01,328,5505.49
Prenatal DHA 180 capsules,11119,General Health,2020-01-01,170,2014.0599
Prenatal DHA 60 capsules,11119,General Health,2021-12-01,3867,24729.4700999994
Prenatal DHA 60 capsules,11119,General Health,2021-11-01,2946,22231.3549000003
Prenatal DHA 60 capsules,11119,General Health,2021-10-01,3191,24998.7549499996
Prenatal DHA 60 capsules,11119,General Health,2021-09-01,3387,17177.7255000003
Prenatal DHA 60 capsules,11119,General Health,2021-08-01,2224,16119.9650000004
Prenatal DHA 60 capsules,11119,General Health,2021-07-01,2003,9427.75494999999
Prenatal DHA 60 capsules,11119,General Health,2021-06-01,1325,7551.04999999995
Prenatal DHA 60 capsules,11119,General Health,2021-05-01,2511,14091.7799500002
Prenatal DHA 60 capsules,11119,General Health,2021-04-01,1595,8813.71484999999
Prenatal DHA 60 capsules,11119,General Health,2021-03-01,2413,12815.8947000001
Prenatal DHA 60 capsules,11119,General Health,2021-02-01,1487,8752.95994999998
Prenatal DHA 60 capsules,11119,General Health,2021-01-01,1651,9385.14495000002
Prenatal DHA 60 capsules,11119,General Health,2020-12-01,2507,13445.5949000002
Prenatal DHA 60 capsules,11119,General Health,2020-11-01,2017,11386.3348
Prenatal DHA 60 capsules,11119,General Health,2020-10-01,1690,8886.3312
Prenatal DHA 60 capsules,11119,General Health,2020-09-01,2236,11569.4500000001
Prenatal DHA 60 capsules,11119,General Health,2020-08-01,1686,9605.39489999998
Prenatal DHA 60 capsules,11119,General Health,2020-07-01,2154,10491.5150000001
Prenatal DHA 60 capsules,11119,General Health,2020-06-01,1567,8282.24489999995
Prenatal DHA 60 capsules,11119,General Health,2020-05-01,1304,7646.83494999995
Prenatal DHA 60 capsules,11119,General Health,2020-04-01,1037,4885.27994999997
Prenatal DHA 60 capsules,11119,General Health,2020-03-01,992,5420.48999999997
Prenatal DHA 60 capsules,11119,General Health,2020-02-01,813,4672.90994999999
Prenatal DHA 60 capsules,11119,General Health,2020-01-01,222,884.225
Prenatal Pro 180 capsules,11129,General Health,2021-12-01,110,4056.175
Prenatal Pro 180 capsules,11129,General Health,2021-11-01,99,3679.84995
Prenatal Pro 180 capsules,11129,General Health,2021-10-01,81,2815.795
Prenatal Pro 180 capsules,11129,General Health,2021-09-01,100,3529.075
Prenatal Pro 180 capsules,11129,General Health,2021-08-01,69,2550.045
Prenatal Pro 180 capsules,11129,General Health,2021-07-01,91,2985.75495
Prenatal Pro 180 capsules,11129,General Health,2021-06-01,71,2520.12
Prenatal Pro 180 capsules,11129,General Health,2021-05-01,76,2771.53995
Prenatal Pro 180 capsules,11129,General Health,2021-04-01,99,3418.22495
Prenatal Pro 180 capsules,11129,General Health,2021-03-01,89,3318.18
Prenatal Pro 180 capsules,11129,General Health,2021-02-01,99,3714.645
Prenatal Pro 180 capsules,11129,General Health,2021-01-01,100,3595.725
Prenatal Pro 180 capsules,11129,General Health,2020-12-01,118,4382.65994999999
Prenatal Pro 180 capsules,11129,General Health,2020-11-01,118,4213.67
Prenatal Pro 180 capsules,11129,General Health,2020-10-01,304,10360.69985
Prenatal Pro 180 capsules,11129,General Health,2020-09-01,169,6004.195
Prenatal Pro 180 capsules,11129,General Health,2020-08-01,158,5747.15499999999
Prenatal Pro 180 capsules,11129,General Health,2020-07-01,190,6152.73989999999
Prenatal Pro 180 capsules,11129,General Health,2020-06-01,60,2222.185
Prenatal Pro 180 capsules,11129,General Health,2020-02-01,4,143.095
Prenatal Pro 180 capsules,11129,General Health,2020-01-01,16,477.015
Prenatal Pro 60 capsules,11129,General Health,2021-12-01,217,3613.565
Prenatal Pro 60 capsules,11129,General Health,2021-11-01,262,4393.06
Prenatal Pro 60 capsules,11129,General Health,2021-10-01,256,4256.76000000001
Prenatal Pro 60 capsules,11129,General Health,2021-09-01,198,3231.3
Prenatal Pro 60 capsules,11129,General Health,2021-08-01,180,3034.83995
Prenatal Pro 60 capsules,11129,General Health,2021-07-01,210,3369.165
Prenatal Pro 60 capsules,11129,General Health,2021-06-01,174,2946.57
Prenatal Pro 60 capsules,11129,General Health,2021-05-01,176,2953.23
Prenatal Pro 60 capsules,11129,General Health,2021-04-01,223,3579.98
Prenatal Pro 60 capsules,11129,General Health,2021-03-01,248,4199.155
Prenatal Pro 60 capsules,11129,General Health,2021-02-01,202,3404.955
Prenatal Pro 60 capsules,11129,General Health,2021-01-01,244,4134.805
Prenatal Pro 60 capsules,11129,General Health,2020-12-01,243,4023.07
Prenatal Pro 60 capsules,11129,General Health,2020-11-01,312,5251.78999999999
Prenatal Pro 60 capsules,11129,General Health,2020-10-01,378,5745.12500000001
Prenatal Pro 60 capsules,11129,General Health,2020-09-01,481,7917.06
Prenatal Pro 60 capsules,11129,General Health,2020-08-01,485,8074.55495
Prenatal Pro 60 capsules,11129,General Health,2020-07-01,455,7147.535
Prenatal Pro 60 capsules,11129,General Health,2020-06-01,173,2889.025
Prenatal Pro 60 capsules,11129,General Health,2020-05-01,11,177.31
Prenatal Pro 60 capsules,11129,General Health,2020-04-01,2,34.2
Prenatal Pro 60 capsules,11129,General Health,2020-03-01,5,78.31
Prenatal Pro 60 capsules,11129,General Health,2020-02-01,24,400.505
Prenatal Pro 60 capsules,11129,General Health,2020-01-01,22,301.51
Pro DHA Memory 180 capsules,11112,Brain Health,2021-12-01,77,1223.825
Pro DHA Memory 180 capsules,11112,Brain Health,2021-11-01,66,1063.99
Pro DHA Memory 180 capsules,11112,Brain Health,2021-10-01,34,498.625
Pro DHA Memory 180 capsules,11112,Brain Health,2021-09-01,35,520.505
Pro DHA Memory 180 capsules,11112,Brain Health,2021-08-01,20,324.54
Pro DHA Memory 180 capsules,11112,Brain Health,2021-07-01,25,380.515
Pro DHA Memory 180 capsules,11112,Brain Health,2021-06-01,30,455.755
Pro DHA Memory 180 capsules,11112,Brain Health,2021-05-01,25,414.42
Pro DHA Memory 180 capsules,11112,Brain Health,2021-04-01,33,511.745
Pro DHA Memory 180 capsules,11112,Brain Health,2021-03-01,36,543.79
Pro DHA Memory 180 capsules,11112,Brain Health,2021-02-01,13,199.46
Pro DHA Memory 180 capsules,11112,Brain Health,2021-01-01,27,287.75
Pro DHA Memory 180 capsules,11112,Brain Health,2020-12-01,45,328.045
Pro DHA Memory 180 capsules,11112,Brain Health,2020-11-01,56,571.39
Pro DHA Memory 180 capsules,11112,Brain Health,2020-10-01,26,311.43
Pro DHA Memory 180 capsules,11112,Brain Health,2020-09-01,23,352.545
Pro DHA Memory 180 capsules,11112,Brain Health,2020-08-01,52,842.6
Pro DHA Memory 30 capsules,11112,Brain Health,2021-12-01,122,1981.07
Pro DHA Memory 30 capsules,11112,Brain Health,2021-11-01,129,2004.25499999999
Pro DHA Memory 30 capsules,11112,Brain Health,2021-10-01,105,1606.075
Pro DHA Memory 30 capsules,11112,Brain Health,2021-09-01,88,1330.165
Pro DHA Memory 30 capsules,11112,Brain Health,2021-08-01,58,907.905
Pro DHA Memory 30 capsules,11112,Brain Health,2021-07-01,89,1342.81
Pro DHA Memory 30 capsules,11112,Brain Health,2021-06-01,83,1276.495
Pro DHA Memory 30 capsules,11112,Brain Health,2021-05-01,89,1422.36
Pro DHA Memory 30 capsules,11112,Brain Health,2021-04-01,59,853.63
Pro DHA Memory 30 capsules,11112,Brain Health,2021-03-01,66,1008.425
Pro DHA Memory 30 capsules,11112,Brain Health,2021-02-01,58,874.755
Pro DHA Memory 30 capsules,11112,Brain Health,2021-01-01,44,622.62
Pro DHA Memory 30 capsules,11112,Brain Health,2020-12-01,46,638.285
Pro DHA Memory 30 capsules,11112,Brain Health,2020-11-01,97,1100.615
Pro DHA Memory 30 capsules,11112,Brain Health,2020-10-01,117,1641.995
Pro DHA Memory 30 capsules,11112,Brain Health,2020-09-01,88,1356.02
Pro DHA Memory 30 capsules,11112,Brain Health,2020-08-01,143,2255.89999999999
Pro DHA Memory 60 capsules,11112,Brain Health,2021-12-01,39,638.59
Pro DHA Memory 60 capsules,11112,Brain Health,2021-11-01,56,895.89
Pro DHA Memory 60 capsules,11112,Brain Health,2021-10-01,35,532.77
Pro DHA Memory 60 capsules,11112,Brain Health,2021-09-01,30,485.36
Pro DHA Memory 60 capsules,11112,Brain Health,2021-08-01,16,230.06
Pro DHA Memory 60 capsules,11112,Brain Health,2021-07-01,41,642.1
Pro DHA Memory 60 capsules,11112,Brain Health,2021-06-01,31,435.645
Pro DHA Memory 60 capsules,11112,Brain Health,2021-05-01,39,601.22
Pro DHA Memory 60 capsules,11112,Brain Health,2021-04-01,31,482.895
Pro DHA Memory 60 capsules,11112,Brain Health,2021-03-01,35,565.11
Pro DHA Memory 60 capsules,11112,Brain Health,2021-02-01,26,405.01
Pro DHA Memory 60 capsules,11112,Brain Health,2021-01-01,20,240.57
Pro DHA Memory 60 capsules,11112,Brain Health,2020-12-01,36,343.79
Pro DHA Memory 60 capsules,11112,Brain Health,2020-11-01,51,487.42
Pro DHA Memory 60 capsules,11112,Brain Health,2020-10-01,43,553.78
Pro DHA Memory 60 capsules,11112,Brain Health,2020-09-01,34,556.885
Pro DHA Memory 60 capsules,11112,Brain Health,2020-08-01,52,826.395
Probiotic 1500,11141,Immune and Digestive health,2021-12-01,600,518.310000000001
Probiotic 1500,11141,Immune and Digestive health,2021-11-01,269,166.605
Probiotic 1500,11141,Immune and Digestive health,2021-10-01,5,0
Probiotic 1500,11141,Immune and Digestive health,2021-09-01,749,428.785000000001
Probiotic 1500,11141,Immune and Digestive health,2021-08-01,765,382.535
Probiotic 1500,11141,Immune and Digestive health,2021-07-01,402,300.96
ProOmega EPA/DHA  180 capsules,11126,Brain Health,2021-12-01,2,18.49
ProOmega EPA/DHA  180 capsules,11126,Brain Health,2021-11-01,1,9.995
ProOmega EPA/DHA  180 capsules,11126,Brain Health,2021-10-01,5,34.48
ProOmega EPA/DHA  180 capsules,11126,Brain Health,2021-09-01,6,36.48
ProOmega EPA/DHA  180 capsules,11126,Brain Health,2021-08-01,8,28.485
ProOmega EPA/DHA  180 capsules,11126,Brain Health,2021-07-01,5,34.485
ProOmega EPA/DHA  180 capsules,11126,Brain Health,2021-06-01,9,58.475
ProOmega EPA/DHA  180 capsules,11126,Brain Health,2021-05-01,9,75.935
ProOmega EPA/DHA  180 capsules,11126,Brain Health,2021-04-01,5,45.475
ProOmega EPA/DHA 30 capsules,11126,Brain Health,2021-12-01,1,9.995
ProOmega EPA/DHA 30 capsules,11126,Brain Health,2021-11-01,1,8.495
ProOmega EPA/DHA 30 capsules,11126,Brain Health,2021-10-01,1,9.995
ProOmega EPA/DHA 30 capsules,11126,Brain Health,2021-09-01,1,0
ProOmega EPA/DHA 30 capsules,11126,Brain Health,2021-07-01,1,7.995
ProOmega EPA/DHA 30 capsules,11126,Brain Health,2021-06-01,2,18.495
ProOmega EPA/DHA 30 capsules,11126,Brain Health,2021-05-01,2,9.995
ProOmega EPA/DHA 60 capsules,11126,Brain Health,2021-12-01,3,28.985
ProOmega EPA/DHA 60 capsules,11126,Brain Health,2021-11-01,5,46.98
ProOmega EPA/DHA 60 capsules,11126,Brain Health,2021-10-01,6,46.975
ProOmega EPA/DHA 60 capsules,11126,Brain Health,2021-09-01,2,9.995
ProOmega EPA/DHA 60 capsules,11126,Brain Health,2021-08-01,2,9.995
ProOmega EPA/DHA 60 capsules,11126,Brain Health,2021-07-01,5,23.99
ProOmega EPA/DHA 60 capsules,11126,Brain Health,2021-06-01,5,29.985
ProOmega EPA/DHA 60 capsules,11126,Brain Health,2021-05-01,5,44.98
ProOmega EPA/DHA 60 capsules,11126,Brain Health,2021-04-01,5,43.98
Stress Management,11142,Immune and Digestive health,2021-12-01,401,2212.40499999999
Stress Management,11142,Immune and Digestive health,2021-11-01,296,1724.7899
Stress Management,11142,Immune and Digestive health,2021-10-01,144,813.335
Stress Management,11142,Immune and Digestive health,2021-09-01,219,1276.245
Stress Management,11142,Immune and Digestive health,2021-08-01,140,846.8301
Stress Management,11142,Immune and Digestive health,2021-07-01,164,916.47995
Stress Management,11142,Immune and Digestive health,2021-06-01,62,323.475
Stress Management,11142,Immune and Digestive health,2021-05-01,49,250.105
Stress Management,11142,Immune and Digestive health,2021-04-01,28,149.045
Thyroid Complex,11133,General Health,2021-12-01,20689,188402.099949952
Thyroid Complex,11133,General Health,2021-11-01,20439,188878.334949961
Thyroid Complex,11133,General Health,2021-10-01,21278,190716.95989995
Thyroid Complex,11133,General Health,2021-09-01,21434,190681.689949946
Thyroid Complex,11133,General Health,2021-08-01,20782,190847.470599967
Thyroid Complex,11133,General Health,2021-07-01,18486,157199.600349967
Thyroid Complex,11133,General Health,2021-06-01,14822,138842.230349974
Thyroid Complex,11133,General Health,2021-05-01,16491,157753.965749962
Thyroid Complex,11133,General Health,2021-04-01,13319,125362.636599989
Thyroid Complex,11133,General Health,2021-03-01,17950,159952.639899963
Thyroid Complex,11133,General Health,2021-02-01,12433,118639.335449983
Thyroid Complex,11133,General Health,2021-01-01,12002,110526.090199984
Thyroid Complex,11133,General Health,2020-12-01,12332,114910.430149988
Thyroid Complex,11133,General Health,2020-11-01,13745,124331.584949994
Thyroid Complex,11133,General Health,2020-10-01,11203,103952.36029999
Thyroid Complex,11133,General Health,2020-09-01,10323,96390.8301499957
Thyroid Complex,11133,General Health,2020-08-01,9188,85505.5352000024
Thyroid Complex,11133,General Health,2020-07-01,9591,85024.7598499987
Thyroid Complex,11133,General Health,2020-06-01,7365,69631.2956500071
Thyroid Complex,11133,General Health,2020-05-01,8052,77958.1451999992
Thyroid Complex,11133,General Health,2020-04-01,6321,59599.6450500041
Thyroid Complex,11133,General Health,2020-03-01,5533,52636.0601000035
Thyroid Complex,11133,General Health,2020-02-01,1525,13084.0150000003
Thyroid Complex,11133,General Health,2020-01-01,355,2195.28005
Turmeric Joint 180 capsules,11130,General Health,2021-12-01,967,15946.7100500002
Turmeric Joint 180 capsules,11130,General Health,2021-11-01,819,13884.8200000001
Turmeric Joint 180 capsules,11130,General Health,2021-10-01,922,15497.8448000002
Turmeric Joint 180 capsules,11130,General Health,2021-09-01,1362,16287.6197500001
Turmeric Joint 180 capsules,11130,General Health,2021-08-01,849,14742.8999500001
Turmeric Joint 180 capsules,11130,General Health,2021-07-01,1021,16670.9748500002
Turmeric Joint 180 capsules,11130,General Health,2021-06-01,824,14517.2500000001
Turmeric Joint 180 capsules,11130,General Health,2021-05-01,1256,18811.2000000001
Turmeric Joint 180 capsules,11130,General Health,2021-04-01,974,15457.1499500002
Turmeric Joint 180 capsules,11130,General Health,2021-03-01,1149,16487.5750000001
Turmeric Joint 180 capsules,11130,General Health,2021-02-01,807,13429.2849000001
Turmeric Joint 180 capsules,11130,General Health,2021-01-01,992,15333.1550000001
Turmeric Joint 180 capsules,11130,General Health,2020-12-01,804,13926.8800000001
Turmeric Joint 180 capsules,11130,General Health,2020-11-01,795,13979.8049500001
Turmeric Joint 180 capsules,11130,General Health,2020-10-01,1211,18639.4592500001
Turmeric Joint 180 capsules,11130,General Health,2020-09-01,762,13490.3401500001
Turmeric Joint 180 capsules,11130,General Health,2020-08-01,820,14368.1099000001
Turmeric Joint 180 capsules,11130,General Health,2020-07-01,1146,17425.5147500001
Turmeric Joint 180 capsules,11130,General Health,2020-06-01,826,14766.3799000001
Turmeric Joint 180 capsules,11130,General Health,2020-05-01,769,14102.8050500001
Turmeric Joint 180 capsules,11130,General Health,2020-04-01,726,12352.14495
Turmeric Joint 180 capsules,11130,General Health,2020-03-01,639,11916.50495
Turmeric Joint 180 capsules,11130,General Health,2020-02-01,537,9937.54999999998
Turmeric Joint 180 capsules,11130,General Health,2020-01-01,252,3413.96495
Turmeric Joint 30 capsules,11130,General Health,2021-12-01,2824,10971.0450000002
Turmeric Joint 30 capsules,11130,General Health,2021-11-01,2156,12850.4496500001
Turmeric Joint 30 capsules,11130,General Health,2021-10-01,1771,10497.6050500001
Turmeric Joint 30 capsules,11130,General Health,2021-09-01,3626,15049.3500000001
Turmeric Joint 30 capsules,11130,General Health,2021-08-01,2492,14597.4700000004
Turmeric Joint 30 capsules,11130,General Health,2021-07-01,4159,15293.4250999999
Turmeric Joint 30 capsules,11130,General Health,2021-06-01,2962,16713.0699500003
Turmeric Joint 30 capsules,11130,General Health,2021-05-01,1969,11256.87985
Turmeric Joint 30 capsules,11130,General Health,2021-04-01,2738,15664.7947500004
Turmeric Joint 30 capsules,11130,General Health,2021-03-01,2876,15862.0000000001
Turmeric Joint 30 capsules,11130,General Health,2021-02-01,1791,10534.9149500001
Turmeric Joint 30 capsules,11130,General Health,2021-01-01,1572,8872.35999999997
Turmeric Joint 30 capsules,11130,General Health,2020-12-01,3224,16517.4548500003
Turmeric Joint 30 capsules,11130,General Health,2020-11-01,1491,8574.21999999995
Turmeric Joint 30 capsules,11130,General Health,2020-10-01,1659,9247.23975000004
Turmeric Joint 30 capsules,11130,General Health,2020-09-01,1627,8947.41014999997
Turmeric Joint 30 capsules,11130,General Health,2020-08-01,2432,13993.1498500003
Turmeric Joint 30 capsules,11130,General Health,2020-07-01,1894,10103.1396
Turmeric Joint 30 capsules,11130,General Health,2020-06-01,1265,7656.53489999996
Turmeric Joint 30 capsules,11130,General Health,2020-05-01,1316,8674.41479999995
Turmeric Joint 30 capsules,11130,General Health,2020-04-01,1243,7979.28999999996
Turmeric Joint 30 capsules,11130,General Health,2020-03-01,1317,9058.19984999998
Turmeric Joint 30 capsules,11130,General Health,2020-02-01,1283,9190.97999999995
Turmeric Joint 30 capsules,11130,General Health,2020-01-01,230,1145.4601
Ultimate Fat Burner,11149,Metabolism,2021-06-01,674,124.625
Ultimate Fat Burner,11149,Metabolism,2021-05-01,1544,263.78
Ultimate Fat Burner,11149,Metabolism,2021-04-01,1253,149.28
Ultimate Fat Burner,11149,Metabolism,2021-03-01,545,133.125
Ultimate Fat Burner,11149,Metabolism,2021-02-01,405,104.075
Ultimate Fat Burner,11149,Metabolism,2021-01-01,283,52.885
Ultimate Fat Burner,11149,Metabolism,2020-12-01,339,74.26
Ultimate Fat Burner,11149,Metabolism,2020-11-01,285,119.245
Ultimate Fat Burner,11149,Metabolism,2020-10-01,555,140.035
Ultimate Fat Burner,11149,Metabolism,2020-09-01,294,100.76995
Ultimate Fat Burner,11149,Metabolism,2020-08-01,300,111.88
Ultimate Fat Burner,11149,Metabolism,2020-07-01,1086,151.3
Ultimate Fat Burner,11149,Metabolism,2020-06-01,393,66.645
Ultimate Fat Burner Pro,11150,Metabolism,2020-02-01,2,172
Vitamin B12 180 capsules,11125,General Health,2021-12-01,531,5524.40994999998
Vitamin B12 180 capsules,11125,General Health,2021-11-01,381,5587.36999999998
Vitamin B12 180 capsules,11125,General Health,2021-10-01,390,5870.14499999998
Vitamin B12 180 capsules,11125,General Health,2021-09-01,429,5868.29499999998
Vitamin B12 180 capsules,11125,General Health,2021-08-01,333,4861.59999999998
Vitamin B12 180 capsules,11125,General Health,2021-07-01,612,6576.69989999998
Vitamin B12 180 capsules,11125,General Health,2021-06-01,406,6119.76999999998
Vitamin B12 180 capsules,11125,General Health,2021-05-01,530,7285.23999999998
Vitamin B12 180 capsules,11125,General Health,2021-04-01,509,6909.54509999998
Vitamin B12 180 capsules,11125,General Health,2021-03-01,427,6077.75999999998
Vitamin B12 180 capsules,11125,General Health,2021-02-01,448,6444.54499999998
Vitamin B12 180 capsules,11125,General Health,2021-01-01,365,5203.96494999998
Vitamin B12 180 capsules,11125,General Health,2020-12-01,517,6732.86994999998
Vitamin B12 180 capsules,11125,General Health,2020-11-01,295,4464.61999999999
Vitamin B12 180 capsules,11125,General Health,2020-10-01,585,7476.29009999998
Vitamin B12 180 capsules,11125,General Health,2020-09-01,445,5570.67999999999
Vitamin B12 180 capsules,11125,General Health,2020-08-01,339,5076.08999999999
Vitamin B12 180 capsules,11125,General Health,2020-07-01,602,7361.47999999998
Vitamin B12 180 capsules,11125,General Health,2020-06-01,429,6170.81999999998
Vitamin B12 180 capsules,11125,General Health,2020-05-01,302,4558.67494999999
Vitamin B12 180 capsules,11125,General Health,2020-04-01,293,4204.46999999999
Vitamin B12 180 capsules,11125,General Health,2020-03-01,269,4426.83999999999
Vitamin B12 180 capsules,11125,General Health,2020-02-01,197,3294.84
Vitamin B12 180 capsules,11125,General Health,2020-01-01,122,1567.52
Vitamin B12 30 capsules,11124,Joint Health,2021-12-01,913,279.895
Vitamin B12 30 capsules,11124,Joint Health,2021-11-01,45,12.495
Vitamin B12 60 capsules,11125,General Health,2021-12-01,1007,6405.56999999995
Vitamin B12 60 capsules,11125,General Health,2021-11-01,1274,8382.08974999995
Vitamin B12 60 capsules,11125,General Health,2021-10-01,1139,7185.53999999994
Vitamin B12 60 capsules,11125,General Health,2021-09-01,1328,6387.65499999995
Vitamin B12 60 capsules,11125,General Health,2021-08-01,962,5784.23499999996
Vitamin B12 60 capsules,11125,General Health,2021-07-01,1072,4328.53494999997
Vitamin B12 60 capsules,11125,General Health,2021-06-01,901,4786.68999999997
Vitamin B12 60 capsules,11125,General Health,2021-05-01,1121,6019.97499999996
Vitamin B12 60 capsules,11125,General Health,2021-04-01,1041,5289.37999999997
Vitamin B12 60 capsules,11125,General Health,2021-03-01,1297,6591.29499999996
Vitamin B12 60 capsules,11125,General Health,2021-02-01,1028,5542.45999999996
Vitamin B12 60 capsules,11125,General Health,2021-01-01,850,4263.19999999997
Vitamin B12 60 capsules,11125,General Health,2020-12-01,970,4619.56999999998
Vitamin B12 60 capsules,11125,General Health,2020-11-01,1019,4791.49994999997
Vitamin B12 60 capsules,11125,General Health,2020-10-01,1304,5923.69499999996
Vitamin B12 60 capsules,11125,General Health,2020-09-01,1073,4988.18499999997
Vitamin B12 60 capsules,11125,General Health,2020-08-01,964,4513.81664999997
Vitamin B12 60 capsules,11125,General Health,2020-07-01,1342,6019.40999999996
Vitamin B12 60 capsules,11125,General Health,2020-06-01,1007,4971.11999999997
Vitamin B12 60 capsules,11125,General Health,2020-05-01,871,4701.34989999997
Vitamin B12 60 capsules,11125,General Health,2020-04-01,893,4187.40499999998
Vitamin B12 60 capsules,11125,General Health,2020-03-01,821,4508.15494999998
Vitamin B12 60 capsules,11125,General Health,2020-02-01,706,4003.75505
Vitamin B12 60 capsules,11125,General Health,2020-01-01,187,737.685
Vitamin C 180 capsules,11117,Immune and Digestive health,2021-12-01,47,248.465
Vitamin C 180 capsules,11117,Immune and Digestive health,2021-10-01,1,0
Vitamin C 60 capsules,11117,Immune and Digestive health,2021-12-01,4,28.855
Vitamin D3 1000mg,11113,General Health,2021-12-01,1506,35454.9797999999
Vitamin D3 1000mg,11113,General Health,2021-11-01,1737,40709.2251000002
Vitamin D3 1000mg,11113,General Health,2021-10-01,2114,48581.7799500009
Vitamin D3 1000mg,11113,General Health,2021-09-01,1849,42300.7750000002
Vitamin D3 1000mg,11113,General Health,2021-08-01,1598,37388.9399500001
Vitamin D3 1000mg,11113,General Health,2021-07-01,2215,50354.2748500009
Vitamin D3 1000mg,11113,General Health,2021-06-01,1859,43650.4500000005
Vitamin D3 1000mg,11113,General Health,2021-05-01,2179,51131.860000001
Vitamin D3 1000mg,11113,General Health,2021-04-01,2157,48928.6799500007
Vitamin D3 1000mg,11113,General Health,2021-03-01,2344,54957.515050001
Vitamin D3 1000mg,11113,General Health,2021-02-01,1759,41445.5699500003
Vitamin D3 1000mg,11113,General Health,2021-01-01,1585,37372.44
Vitamin D3 1000mg,11113,General Health,2020-12-01,1701,39901.8649500003
Vitamin D3 1000mg,11113,General Health,2020-11-01,2155,50065.3850000006
Vitamin D3 1000mg,11113,General Health,2020-10-01,3306,72643.4648500007
Vitamin D3 1000mg,11113,General Health,2020-09-01,2549,58378.7249000011
Vitamin D3 1000mg,11113,General Health,2020-08-01,2678,62647.9499000015
Vitamin D3 1000mg,11113,General Health,2020-07-01,3376,74491.584550001
Vitamin D3 1000mg,11113,General Health,2020-06-01,2431,56473.5549500009
Vitamin D3 1000mg,11113,General Health,2020-05-01,2235,51935.3449000008
Vitamin D3 1000mg,11113,General Health,2020-04-01,2419,55104.4298500007
Vitamin D3 1000mg,11113,General Health,2020-03-01,2342,54422.1749000009
Vitamin D3 1000mg,11113,General Health,2020-02-01,1766,40789.8950000008
Vitamin D3 1000mg,11113,General Health,2020-01-01,473,8904.67019999996
Vitamin D3 5000mg,11113,General Health,2021-12-01,272,14664.565
Vitamin D3 5000mg,11113,General Health,2021-11-01,269,14345.105
Vitamin D3 5000mg,11113,General Health,2021-10-01,377,19992.69
Vitamin D3 5000mg,11113,General Health,2021-09-01,312,16047.51995
Vitamin D3 5000mg,11113,General Health,2021-08-01,238,12785.285
Vitamin D3 5000mg,11113,General Health,2021-07-01,401,20393.10995
Vitamin D3 5000mg,11113,General Health,2021-06-01,287,15323.86495
Vitamin D3 5000mg,11113,General Health,2021-05-01,289,15425.63495
Vitamin D3 5000mg,11113,General Health,2021-04-01,353,18030.43495
Vitamin D3 5000mg,11113,General Health,2021-03-01,315,16965.275
Vitamin D3 5000mg,11113,General Health,2021-02-01,232,12343.705
Vitamin D3 5000mg,11113,General Health,2021-01-01,230,12308.34995
Vitamin D3 5000mg,11113,General Health,2020-12-01,184,9822.355
Vitamin D3 5000mg,11113,General Health,2020-11-01,275,14679.00495
Vitamin D3 5000mg,11113,General Health,2020-10-01,458,22091.1799
Vitamin D3 5000mg,11113,General Health,2020-09-01,297,15590.14
Vitamin D3 5000mg,11113,General Health,2020-08-01,261,13681.23
Vitamin D3 5000mg,11113,General Health,2020-07-01,449,21096.64
Vitamin D3 5000mg,11113,General Health,2020-06-01,288,15250.33505
Vitamin D3 5000mg,11113,General Health,2020-05-01,239,12862.04
Vitamin D3 5000mg,11113,General Health,2020-04-01,254,12914.62
Vitamin D3 5000mg,11113,General Health,2020-03-01,222,11819.235
Vitamin D3 5000mg,11113,General Health,2020-02-01,178,9375.785
Vitamin D3 5000mg,11113,General Health,2020-01-01,95,4117.095
Vitamin D3 Plus K2 180 capsules,11118,General Health,2021-12-01,222,11806.175
Vitamin D3 Plus K2 180 capsules,11118,General Health,2021-11-01,202,10782.135
Vitamin D3 Plus K2 180 capsules,11118,General Health,2021-10-01,176,8955.76
Vitamin D3 Plus K2 180 capsules,11118,General Health,2021-09-01,268,13450.625
Vitamin D3 Plus K2 180 capsules,11118,General Health,2021-08-01,171,9137.94
Vitamin D3 Plus K2 180 capsules,11118,General Health,2021-07-01,257,12744.345
Vitamin D3 Plus K2 180 capsules,11118,General Health,2021-06-01,186,10065.235
Vitamin D3 Plus K2 180 capsules,11118,General Health,2021-05-01,195,10361.495
Vitamin D3 Plus K2 180 capsules,11118,General Health,2021-04-01,281,13923.2
Vitamin D3 Plus K2 180 capsules,11118,General Health,2021-03-01,228,12227.45
Vitamin D3 Plus K2 180 capsules,11118,General Health,2021-02-01,173,9158.595
Vitamin D3 Plus K2 180 capsules,11118,General Health,2021-01-01,203,10780.44
Vitamin D3 Plus K2 180 capsules,11118,General Health,2020-12-01,196,10451.095
Vitamin D3 Plus K2 180 capsules,11118,General Health,2020-11-01,149,7938.075
Vitamin D3 Plus K2 180 capsules,11118,General Health,2020-10-01,420,19722.47
Vitamin D3 Plus K2 180 capsules,11118,General Health,2020-09-01,216,11199.17
Vitamin D3 Plus K2 180 capsules,11118,General Health,2020-08-01,204,10739.73
Vitamin D3 Plus K2 180 capsules,11118,General Health,2020-07-01,450,20714.635
Vitamin D3 Plus K2 180 capsules,11118,General Health,2020-06-01,226,11774.95
Vitamin D3 Plus K2 180 capsules,11118,General Health,2020-05-01,172,9086.575
Vitamin D3 Plus K2 180 capsules,11118,General Health,2020-04-01,179,8859.485
Vitamin D3 Plus K2 180 capsules,11118,General Health,2020-03-01,91,4762.565
Vitamin D3 Plus K2 180 capsules,11118,General Health,2020-02-01,62,3233.09
Vitamin D3 Plus K2 180 capsules,11118,General Health,2020-01-01,73,3191.295
Vitamin D3 Plus K2 60 capsules,11118,General Health,2021-12-01,700,16136.9950000001
Vitamin D3 Plus K2 60 capsules,11118,General Health,2021-11-01,722,16765.7500000001
Vitamin D3 Plus K2 60 capsules,11118,General Health,2021-10-01,778,17659.0150000001
Vitamin D3 Plus K2 60 capsules,11118,General Health,2021-09-01,789,17612.6500000001
Vitamin D3 Plus K2 60 capsules,11118,General Health,2021-08-01,674,15712.2700000001
Vitamin D3 Plus K2 60 capsules,11118,General Health,2021-07-01,795,17610.2350000001
Vitamin D3 Plus K2 60 capsules,11118,General Health,2021-06-01,696,16039.0550000001
Vitamin D3 Plus K2 60 capsules,11118,General Health,2021-05-01,795,18361.0150000001
Vitamin D3 Plus K2 60 capsules,11118,General Health,2021-04-01,875,19321.5250000001
Vitamin D3 Plus K2 60 capsules,11118,General Health,2021-03-01,902,21061.5
Vitamin D3 Plus K2 60 capsules,11118,General Health,2021-02-01,795,18296.2550000001
Vitamin D3 Plus K2 60 capsules,11118,General Health,2021-01-01,798,18477.0450000001
Vitamin D3 Plus K2 60 capsules,11118,General Health,2020-12-01,853,19865.0500000001
Vitamin D3 Plus K2 60 capsules,11118,General Health,2020-11-01,1008,23265.26
Vitamin D3 Plus K2 60 capsules,11118,General Health,2020-10-01,1168,24310.37
Vitamin D3 Plus K2 60 capsules,11118,General Health,2020-09-01,1004,22832.27
Vitamin D3 Plus K2 60 capsules,11118,General Health,2020-08-01,956,21934.605
Vitamin D3 Plus K2 60 capsules,11118,General Health,2020-07-01,1433,30362.5707499999
Vitamin D3 Plus K2 60 capsules,11118,General Health,2020-06-01,1012,23151.585
Vitamin D3 Plus K2 60 capsules,11118,General Health,2020-05-01,722,16555.3100000001
Vitamin D3 Plus K2 60 capsules,11118,General Health,2020-04-01,837,18418.6000000001
Vitamin D3 Plus K2 60 capsules,11118,General Health,2020-03-01,577,13289.9050000001
Vitamin D3 Plus K2 60 capsules,11118,General Health,2020-02-01,436,9888.64499999999
Vitamin D3 Plus K2 60 capsules,11118,General Health,2020-01-01,168,3124.94500000001
Vitamin D3 Pro 1000mg,11113,General Health,2021-12-01,496,11658.3050000001
Vitamin D3 Pro 1000mg,11113,General Health,2021-11-01,457,10681.11
Vitamin D3 Pro 1000mg,11113,General Health,2021-10-01,612,13669.6100000001
Vitamin D3 Pro 1000mg,11113,General Health,2021-09-01,521,11892.1850000001
Vitamin D3 Pro 1000mg,11113,General Health,2021-08-01,471,10989.785
Vitamin D3 Pro 1000mg,11113,General Health,2021-07-01,535,12006.0749000001
Vitamin D3 Pro 1000mg,11113,General Health,2021-06-01,448,10492.28
Vitamin D3 Pro 1000mg,11113,General Health,2021-05-01,619,14316.4800000001
Vitamin D3 Pro 1000mg,11113,General Health,2021-04-01,610,13598.4350000001
Vitamin D3 Pro 1000mg,11113,General Health,2021-03-01,698,16160.2450000001
Vitamin D3 Pro 1000mg,11113,General Health,2021-02-01,825,19304.5950000001
Vitamin D3 Pro 1000mg,11113,General Health,2021-01-01,816,19139.6500000001
Vitamin D3 Pro 1000mg,11113,General Health,2020-12-01,698,16356.7800000001
Vitamin D3 Pro 5000mg,11113,General Health,2021-12-01,142,7492.09
Vitamin D3 Pro 5000mg,11113,General Health,2021-11-01,112,5833.43
Vitamin D3 Pro 5000mg,11113,General Health,2021-10-01,140,7176.06
Vitamin D3 Pro 5000mg,11113,General Health,2021-09-01,151,7716.825
Vitamin D3 Pro 5000mg,11113,General Health,2021-08-01,86,4385.93
Vitamin D3 Pro 5000mg,11113,General Health,2021-07-01,138,6857
Vitamin D3 Pro 5000mg,11113,General Health,2021-06-01,115,6007.41
Vitamin D3 Pro 5000mg,11113,General Health,2021-05-01,123,6585.14
Vitamin D3 Pro 5000mg,11113,General Health,2021-04-01,185,9297.42495
Vitamin D3 Pro 5000mg,11113,General Health,2021-03-01,135,7028.34
Vitamin D3 Pro 5000mg,11113,General Health,2021-02-01,136,7156.96
Vitamin D3 Pro 5000mg,11113,General Health,2021-01-01,139,7446.66
Vitamin D3 Pro 5000mg,11113,General Health,2020-12-01,137,7191.94
Vitamin Tablet Organizer,11139,Immune and Digestive health,2021-04-01,817,134.765
Vitamin Tablet Organizer,11139,Immune and Digestive health,2021-03-01,471,128.335
Vitamin Tablet Organizer,11139,Immune and Digestive health,2021-02-01,348,83.765
Vitamin Tablet Organizer,11139,Immune and Digestive health,2021-01-01,391,112.01
Vitamin Tablet Organizer,11139,Immune and Digestive health,2020-12-01,664,180.26
Vitamin Tablet Organizer,11139,Immune and Digestive health,2020-11-01,412,186.26
Vitamin Tablet Organizer,11139,Immune and Digestive health,2020-10-01,716,197.02
Vitamin Tablet Organizer,11139,Immune and Digestive health,2020-09-01,367,169.25
Vitamin Tablet Organizer,11139,Immune and Digestive health,2020-08-01,377,129.75
Vitamin Tablet Organizer,11139,Immune and Digestive health,2020-07-01,265,136.755
Vitamin Tablet Organizer,11139,Immune and Digestive health,2020-05-01,335,86.5
Vitamin Tablet Organizer,11139,Immune and Digestive health,2020-04-01,343,94
Vitamin Tablet Organizer,11139,Immune and Digestive health,2020-03-01,366,58.005
Vitamin Tablet Organizer,11139,Immune and Digestive health,2020-02-01,415,141.745
Vitamin Tablet Organizer,11139,Immune and Digestive health,2020-01-01,251,40.005
Zinc Glycinate,11144,Immune and Digestive health,2021-12-01,78,540.23
Zinc Glycinate,11144,Immune and Digestive health,2021-11-01,39,321.84
Zinc Glycinate,11144,Immune and Digestive health,2021-10-01,74,646.91075
Zinc Glycinate,11144,Immune and Digestive health,2021-09-01,106,937.055
Zinc Glycinate,11144,Immune and Digestive health,2021-08-01,42,371.31
Zinc Glycinate,11144,Immune and Digestive health,2021-07-01,52,451.795
Zinc Glycinate,11144,Immune and Digestive health,2021-06-01,24,204.41
Zinc Glycinate,11144,Immune and Digestive health,2021-05-01,23,211.405
Zinc Glycinate,11144,Immune and Digestive health,2021-04-01,13,109.435
Zinc Sinus Nose Spray,11121,Immune and Digestive health,2021-04-01,4,0
Zinc Sinus Nose Spray,11121,Immune and Digestive health,2021-03-01,1,0
Zinc Sinus Nose Spray,11121,Immune and Digestive health,2021-02-01,90,48.625
Zinc Sinus Nose Spray,11121,Immune and Digestive health,2021-01-01,300,173.395
Zinc Sinus Nose Spray,11121,Immune and Digestive health,2020-12-01,412,167.525
Zinc Sinus Nose Spray,11121,Immune and Digestive health,2020-11-01,268,150.285
Zinc Sinus Nose Spray,11121,Immune and Digestive health,2020-10-01,461,173.04
Zinc Sinus Nose Spray,11121,Immune and Digestive health,2020-09-01,227,106.77
Zinc Sinus Nose Spray,11121,Immune and Digestive health,2020-08-01,297,122.265
Zinc Sinus Nose Spray,11121,Immune and Digestive health,2020-07-01,1048,228.14
Zinc Sinus Nose Spray,11121,Immune and Digestive health,2020-06-01,609,166.9
Zinc Sinus Nose Spray,11121,Immune and Digestive health,2020-05-01,258,114.01
Zinc Sinus Nose Spray,11121,Immune and Digestive health,2020-04-01,229,109.82
Zinc Sinus Nose Spray,11121,Immune and Digestive health,2020-03-01,264,138.395
Zinc Sinus Nose Spray,11121,Immune and Digestive health,2020-02-01,320,197.27
Zinc Sinus Nose Spray,11121,Immune and Digestive health,2020-01-01,120,21.87
Zinc Tablets 50 mg 120 count,11143,Immune and Digestive health,2021-12-01,45,439.835
Zinc Tablets 50 mg 120 count,11143,Immune and Digestive health,2021-11-01,51,521.2
Zinc Tablets 50 mg 120 count,11143,Immune and Digestive health,2021-10-01,72,695.98
Zinc Tablets 50 mg 120 count,11143,Immune and Digestive health,2021-09-01,119,1160.575
Zinc Tablets 50 mg 120 count,11143,Immune and Digestive health,2021-08-01,65,675.655
Zinc Tablets 50 mg 120 count,11143,Immune and Digestive health,2021-07-01,51,497.56
Zinc Tablets 50 mg 120 count,11143,Immune and Digestive health,2021-06-01,47,486.585
Zinc Tablets 50 mg 120 count,11143,Immune and Digestive health,2021-05-01,52,527.28
Zinc Tablets 50 mg 120 count,11143,Immune and Digestive health,2021-04-01,2,20.34
Zinc Tablets 50 mg 60 count,11143,Immune and Digestive health,2021-12-01,531,5264.97484999997
Zinc Tablets 50 mg 60 count,11143,Immune and Digestive health,2021-11-01,463,4795.32989999998
Zinc Tablets 50 mg 60 count,11143,Immune and Digestive health,2021-10-01,177,1804.17495
Zinc Tablets 50 mg 60 count,11143,Immune and Digestive health,2021-05-01,437,4529.78499999998
Zinc Tablets 50 mg 60 count,11143,Immune and Digestive health,2021-04-01,64,652.52
,,,2020-06-01,274,5587.88499999999
,,,2020-05-01,313,6273.61999999999
,,,2020-04-01,141,2572.615
,,,2020-03-01,133,2490.045
,,,2020-02-01,62,1312.025
