Product_sku,Title,Product_Grouping,Category,,,,,
1161,Evening Primrose Oil 2oz,11111,Immune and Digestive health,,,,,
1153,Evening Primrose Oil 4oz,11111,Immune and Digestive health,,,,,
1136,Pro DHA Memory 30 capsules,11112,Brain Health,,,,,
1135,Pro DHA Memory 60 capsules,11112,Brain Health,,,,,
1134,Pro DHA Memory 180 capsules,11112,Brain Health,,,,,
1133,Vitamin D3 1000mg,11113,General Health,,,,,
1140,Vitamin D3 5000mg,11113,General Health,,,,,
1146,Vitamin D3 Pro 1000mg,11113,General Health,,,,,
1160,Vitamin D3 Pro 5000mg,11113,General Health,,,,,
1152,Amino Acid Complete,11114,Immune and Digestive health,,,,,
1156,Magnesium 100mg,11115,Immune and Digestive health,,,,,
1172,Magnessium 200mg,11115,Immune and Digestive health,,,,,
1131,Brain Boost,11116,Brain Health,,,,,
1178,Vitamin C 60 capsules,11117,Immune and Digestive health,,,,,
1171,Vitamin C 180 capsules,11117,Immune and Digestive health,,,,,
1139,Vitamin D3 Plus K2 60 capsules,11118,General Health,,,,,
1150,Vitamin D3 Plus K2 180 capsules,11118,General Health,,,,,
1010,Prenatal DHA 60 capsules,11119,General Health,,,,,
1114,Prenatal DHA 180 capsules,11119,General Health,,,,,
1121,Hair/Skin/Nails Ultra 30 capsules,11120,Immune and Digestive health,,,,,
1115,Hair/Skin/Nails Ultra 60 capsules,11120,Immune and Digestive health,,,,,
1155,Hair/Skin/Nails Ultra 180 capsules,11120,Immune and Digestive health,,,,,
1129,Zinc Sinus Nose Spray,11121,Immune and Digestive health,,,,,
3214,Gift Card,11122,Gift Card,,,,,
3215,Gift Card $50,11122,Gift Card,,,,,
3216,Gift Card $100,11122,Gift Card,,,,,
7777,Digestive Support Bundle,11123,General Health,,,,,
1116-B,Digestive Support 60 capsules,11123,General Health,,,,,
1125,Glucos Ecommerce,11124,Joint Health,,,,,
1148,Glucosamine MSM,11124,Joint Health,,,,,
1120,Glucosamine Chondroitin 60 capsules,11124,Joint Health,,,,,
1123,Glucosamine Chondroitin 180 capsules,11124,Joint Health,,,,,
1170,Vitamin B12 30 capsules,11124,Joint Health,,,,,
1122,Vitamin B12 60 capsules,11125,General Health,,,,,
1126,Vitamin B12 180 capsules,11125,General Health,,,,,
1175,ProOmega EPA/DHA 30 capsules,11126,Brain Health,,,,,
1173,ProOmega EPA/DHA 60 capsules,11126,Brain Health,,,,,
1174,ProOmega EPA/DHA  180 capsules,11126,Brain Health,,,,,
1132,Fruits and Greens Ecommerce,11127,General Health,,,,,
2222-R,Fruits and Greens Retail,11127,General Health,,,,,
3333,Fruits and Greens 30 capsules,11127,General Health,,,,,
5555,Fruits and Greens 60 capsules,11127,General Health,,,,,
1112,Fruits and Greens 180 capsules,11128,General Health,,,,,
1151,Prenatal Pro 60 capsules,11129,General Health,,,,,
1158,Prenatal Pro 180 capsules,11129,General Health,,,,,
9999,Turmeric Joint 30 capsules,11130,General Health,,,,,
1119,Turmeric Joint 180 capsules,11130,General Health,,,,,
1154,New you bundle,11131,General Health,,,,,
1118,Co Q10 30 capsules,11132,Antioxidant,,,,,
1128,Co Q10 60 capsules,11132,Antioxidant,,,,,
4444,Co Q10 180 capsules,11132,Antioxidant,,,,,
6666,Thyroid Complex,11133,General Health,,,,,
1167,Choline,11134,Brain Health,,,,,
8888,Bronchial Wellness Herbal Blend 30 capsules,11135,General Health,,,,,
1113,Bronchial Wellness Herbal Blend 60 capsules,11135,General Health,,,,,
1111-R,Bronchial Wellness Herbal Blend Retail,11135,General Health,,,,,
1117,Allereze Nasal Spray 2oz,11136,Allergy Aids,,,,,
1127,Allereze Nasal Spray 4oz,11136,Allergy Aids,,,,,
1124,Elderberry Gels 30 qty,11137,Immune and Digestive health,,,,,
1163,Elderberry Gels 60 qty,11137,Immune and Digestive health,,,,,
1168,Elderberry Gels 180 qty,11138,Immune and Digestive health,,,,,
1166,Vitamin Tablet Organizer,11139,Immune and Digestive health,,,,,
1137,Phosphatidylserine,11140,Immune and Digestive health,,,,,
1138,Probiotic 1500,11141,Immune and Digestive health,,,,,
1143,Stress Management,11142,Immune and Digestive health,,,,,
1145,Zinc Tablets 50 mg 60 count,11143,Immune and Digestive health,,,,,
1157,Zinc Tablets 50 mg 120 count,11143,Immune and Digestive health,,,,,
1141,Zinc Glycinate,11144,Immune and Digestive health,,,,,
1144,DHEA,11145,Immune and Digestive health,,,,,
1142,Immune Support,11146,Immune and Digestive health,,,,,
1130,Fish Oil,11147,Joint Health,,,,,
1162,Liquid Magnesium,11148,Immune and Digestive health,,,,,
1149,Ultimate Fat Burner,11149,Metabolism,,,,,
1169,Ultimate Fat Burner Pro,11150,Metabolism,,,,,
1999,Shipping,,,,,,,
,,,,,,,,
,,,,,,,,
,,,,,,,,
,,,,,,,,
,,,,,,,,
,,,,,,,,
,,,,,,,,
,,,,,,,,
,,,,,,,,
,,,,,,,,
,,,,,,,,
,,,,,,,,
,,,,,,,,
,,,,,,,,
,,,,,,,,
,,,,,,,,
,,,,,,,,
,,,,,,,,
,,,,,,,,
,,,,,,,,
,,,,,,,,
,,,,,,,,
,,,,,,,,
,,,,,,,,
,,,,,,,,
,,,,,,,,
,,,,,,,,
,,,,,,,,
,,,,,,,,
,,,,,,,,
,,,,,,,,
,,,,,,,,
